MDID,SEDOL,ISIN,SecurityCode,CUSIP,Ticker,AssetType,AssetSubType,ShareClass,SecurityName,Price,AssetCurrency,CountryOfIssue,CountryOfIncorporation,HomeMemeberState,HomeMemeberStateDR,HomeMemeberStateSSR,MarketsListedIn,StockExchange,IndustryGroupId,TotalSharesOutstanding,TotalSharesIssued,TotalSharesTreasury,TotalVotingSharesIssued,TotalVotingSharesOutstanding,TotalVotingRightsIssued,TotalVotingRightsOutstanding,TotalDilutedShares,ClassSharesOutstanding,ClassSharesIssued,ClassSharesTreasury,ClassVotingSharesIssued,ClassVotingSharesOutstanding,ClassVotingRightsIssued,ClassVotingRightsOutstanding,VotesPerShare,ClassDebtOutstanding,TotalDebtOutstanding,TotalIssuedNominalCapital,RegisteredShareCapital,13FFlag,ShortSellFlag,TakeoverFlag,CallOrPut,ConvertibleFlag,ConversionRatioBond,ConversionRatioRights,ConversionRatioPreferredEquity,ConversionRatioWarrants,ContractSize,Delta,AssetRatioAgainst,AssetRatioFor,UnderlyingMDID,UnderlyingExchangeCode,UnderlyingISIN,UnderlyingSEDOL,IsCashSettled,MaturityDate,OptionNextExerciseDate,ExerciseStyle,ExpirationDate,Notional,ParValue,DurationAdjustment,InControlOfConversion,IsCoveredConvertible,IsCoveredWarrant,IsETF,IsGovernmentBacked,IsREIT,IsWhenIssued,IsConvertiblePreferred,LotSize,HasAlternateUSSection12Registration,IssuerID,IssuerName,RegistrationType,RegistrationNo,AddressLine1,AddressLine2,AddressLine3,Telephone,Fax,ContactName,Designation,ContactEmail,ContactNo,ContactFaxNo,TypeOfIssuer,StrikePrice,FIGINumber
AU000000BHP4 AU,,AU000000BHP4,,,BHP,Common Stock,ODSH,,BHP Group Ltd,,AUD,AU,AU,,,,,ASX,0,5073901000,5075161000,1260000,5075161000,5073901000,5073901188,5073901188,5077000000,5073901000,4934659000,1260000,5075161000,5073901000,5075161000,5073901000,1.0,,,,,,,,,,,,,,,,,,,,,,,,,,,,,,,,,,,,,,,,100232,BHP Group Ltd,,,,,,,,,,,,,,,
AU000000BSL0 AU,,AU000000BSL0,,,BSL,Common Stock,ODSH,,BlueScope Steel Ltd,,AUD,AU,AU,,,,,ASX,0,438609900,439599900,990000,439599900,438609900,438609849,438609849,450941000,438610000,437372200,990000,439600000,438610000,439600000,438610000,1.0,,,,,,,,,,,,,,,,,,,,,,,,,,,,,,,,,,,,,,,,7738397,BlueScope Steel Ltd,,,,,,,,,,,,,,,
AU000000DEG6 AU,,AU000000DEG6,,,DEG,Common Stock,ODSH,,De Grey Mining Ltd,,AUD,AU,AU,,,,,ASX,0,2396758000,2396758000,0,2396758000,2396758000,2396757505,2396757505,1843383000,2396758000,1601330000,0,2396758000,2396758000,2396758000,2396758000,1.0,,,,,,,,,,,,,,,,,,,,,,,,,,,,,,,,,,,,,,,,7010071,De Grey Mining Ltd,,,,,,,,,,,,,,,
AU000000EVN4 AU,,AU000000EVN4,,,EVN,Common Stock,ODSH,,Evolution Mining Ltd,,AUD,AU,AU,,,,,ASX,0,1989336000,1989336000,0,1989336000,1989336000,1989336343,1989336343,1924066000,1989336000,1866040000,0,1989336000,1989336000,1989336000,1989336000,1.0,,,,,,,,,,,,,,,,,,,,,,,,,,,,,,,,,,,,,,,,7774345,Evolution Mining Ltd,,,,,,,,,,,,,,,
AU000000FMG4 AU,,AU000000FMG4,,,FMG,Common Stock,ODSH,,Fortescue Ltd,,AUD,AU,AU,,,,,ASX,0,3078965000,3081965000,3000000,3081965000,3078965000,3078964918,3078964918,3081157000,3078965000,1584519000,3000000,3081965000,3078965000,3081965000,3078965000,1.0,,,,,,,,,,,,,,,,,,,,,,,,,,,,,,,,,,,,,,,,153693,Fortescue Ltd,,,,,,,,,,,,,,,
AU000000IGO4 AU,,AU000000IGO4,,,IGO,Common Stock,ODSH,,IGO Ltd,,AUD,AU,AU,,,,,ASX,0,757267800,757267800,0,757267800,757267800,757267813,757267813,759747000,757268000,752372700,0,757268000,757268000,757268000,757268000,1.0,,,,,,,,,,,,,,,,,,,,,,,,,,,,,,,,,,,,,,,,7593731,IGO Ltd,,,,,,,,,,,,,,,
AU000000JBH7 AU,,AU000000JBH7,,,JBH,Common Stock,ODSH,,JB Hi-Fi Ltd,,AUD,AU,AU,,,,,ASX,0,109334000,109334000,0,109334000,109334000,109333981,109333981,109800000,109334000,108711700,0,109334000,109334000,109334000,109334000,1.0,,,,,,,,,,,,,,,,,,,,,,,,,,,,,,,,,,,,,,,,7246335,JB Hi-Fi Ltd,,,,,,,,,,,,,,,
AU000000MIN4 AU,,AU000000MIN4,,,MIN,Common Stock,ODSH,,Mineral Resources Ltd,,AUD,AU,AU,,,,,ASX,0,196518600,198028600,1510000,198028599,196518600,196518604,196518604,197534000,196519000,171275900,1510000,198029000,196519000,198029000,196519000,1.0,,,,,,,,,,,,,,,,,,,,,,,,,,,,,,,,,,,,,,,,10874328,Mineral Resources Ltd,,,,,,,,,,,,,,,
AU000000NHC7 AU,,AU000000NHC7,,,NHC,Common Stock,ODSH,,New Hope Corp Ltd,,AUD,AU,AU,,,,,ASX,0,845335400,845335400,0,845335400,845335400,845335464,845335464,850987000,845336000,481436600,0,845336000,845336000,845336000,845336000,1.0,,,,,,,,,,,,,,,,,,,,,,,,,,,,,,,,,,,,,,,,8236466,New Hope Corp Ltd,,,,,,,,,,,,,,,
AU000000NST8 AU,,AU000000NST8,,,NST,Common Stock,ODSH,,Northern Star Resources Ltd,,AUD,AU,AU,,,,,ASX,0,1149685000,1149685000,0,1149685000,1149685000,1149684861,1149684861,1159223000,1149685000,1147955000,0,1149685000,1149685000,1149685000,1149685000,1.0,,,,,,,,,,,,,,,,,,,,,,,,,,,,,,,,,,,,,,,,8432931,Northern Star Resources Ltd,,,,,,,,,,,,,,,
AU000000QAN2 AU,,AU000000QAN2,,,QAN,Common Stock,ODSH,,Qantas Airways Ltd,,AUD,AU,AU,,,,,ASX,0,1563680000,1573600000,9920000,1573600000,1563680000,1563680121,1563680121,1670000000,1563680000,1549771000,9920000,1573600000,1563680000,1573600000,1563680000,1.0,,,,,,,,,,,,,,,,,,,,,,,,,,,,,,,,,,,,,,,,136982,Qantas Airways Ltd,,,,,,,,,,,,,,,
AU000000RIO1 AU,,AU000000RIO1,,,RIO,Common Stock,ODSH,,Rio Tinto Ltd,,AUD,AU,AU,,,,,ASX,0,1624053000,1624053000,0,1624053000,1624053000,1624052966,1624052966,1631500000,371216000,371170700,0,371216000,371216000,371216000,371216000,1.0,,,,,,,,,,,,,,,,,,,,,,,,,,,,,,,,,,,,,,,,112717,Rio Tinto Ltd,,,,,,,,,,,,,,,
AU000000S320 AU,,AU000000S320,,,S32,Common Stock,ODSH,,South32 Ltd,,AUD,AU,AU,,,,,ASX,0,4522030000,4537720000,15690000,4537719999,4522030000,4522029926,4522029926,4519000000,4522030000,4167510000,15690000,4537720000,4522030000,4537719999,4522030000,1.0,,,,,,,,,,,,,,,,,,,,,,,,,,,,,,,,,,,,,,,,41848797,South32 Ltd,,,,,,,,,,,,,,,
AU000000SFR8 AU,,AU000000SFR8,,,SFR,Common Stock,ODSH,,Sandfire Resources Ltd,,AUD,AU,AU,,,,,ASX,0,458705200,458705200,0,458705200,458705200,458705193,458705193,457030000,458705000,452166100,0,458705000,458705000,458705000,458705000,1.0,,,,,,,,,,,,,,,,,,,,,,,,,,,,,,,,,,,,,,,,8627875,Sandfire Resources Ltd,,,,,,,,,,,,,,,
AU000000WHC8 AU,,AU000000WHC8,,,WHC,Common Stock,ODSH,,Whitehaven Coal Ltd,,AUD,AU,AU,,,,,ASX,0,836600800,836600800,0,836600800,836600800,836600784,836600784,809602000,836601000,793059800,0,836601000,836601000,836601000,836601000,1.0,,,,,,,,,,,,,,,,,,,,,,,,,,,,,,,,,,,,,,,,11984275,Whitehaven Coal Ltd,,,,,,,,,,,,,,,
AU0000018236 AU,,AU0000018236,,,NIC,Common Stock,ODSH,,Nickel Industries Ltd,,AUD,AU,AU,,,,,ASX,0,4289810000,4289810000,0,4289810000,4289810000,4289809880,4289809880,4285810000,4289810000,2856270000,0,4289810000,4289810000,4289810000,4289810000,1.0,,,,,,,,,,,,,,,,,,,,,,,,,,,,,,,,,,,,,,,,61023919,Nickel Industries Ltd,,,,,,,,,,,,,,,
AU0000159329 CA,,,,,,,,,,,,,,,,,,,0,0,0,0,0,0,0,0,0,0,0,0,0,0,0,0,,,,,,,,,,,,,,,,,,,,,,,,,,,,,,,,,,,,,,,,,,,,,,,,,,,,,,,,,
AU0000224040 AU,,AU0000224040,,,WDS,Common Stock,ODSH,,Woodside Energy Group Ltd,,AUD,AU,AU,,,,,ASX,0,1898750000,1898750000,0,1898750000,1898750000,1898749771,1898749771,1910943000,1898750000,1898545000,0,1898750000,1898750000,1898750000,1898750000,1.0,,,,,,,,,,,,,,,,,,,,,,,,,,,,,,,,,,,,,,,,113147,Woodside Energy Group Ltd,,,,,,,,,,,,,,,
AU0000297962 US,,AU0000297962,,,NEMCL,CDI,CDI,,Newmont Corp,,USD,US,US,,,,,PNK,0,1138450400,1138450400,0,1138450400,1138450400,0,0,0,1138450000,0,0,1138450000,1138450000,0,0,,,,,,,,,,,,,,,,,,1.0,BBG000BPWYG4,,,,,,,,,,,,,,,,,,,,,,101068,Newmont Corp,,,,,,,,,,,,,,,
BRVALEACNOR0 BR,,BRVALEACNOR0,,,VALE3,Common Stock,ODSH,,Vale SA,,BRL,BR,BR,,,,,SAO,0,4539008000,4778158000,239150000,4778157987,4539007987,4539007568,4539007568,4366130000,4539008000,2896541000,239150000,4778158000,4539008000,4778157999,4539008000,1.0,,,,,,,,,,,,,,,,,,,,,,,,,,,,,,,,,,,,,,,,136117,Vale SA,,,,,,,,,,,,,,,
CA0084741085 CA,,CA0084741085,,008474108,AEM,Common Stock,ODSH,,Agnico Eagle Mines Ltd,,CAD,CA,CA,,,,,TOR,0,501738800,502408800,670000,502408800,501738800,501738834,501738834,489913000,501739000,501017800,670000,502409000,501739000,502409000,501739000,1.0,,,,,,,,,,,,,,,,,,,,,,,,,,,,,,,,,,,,,,,,71820725,Agnico Eagle Mines Ltd,,,,,,,,,,,,,,,
CA0679011084 CA,,CA0679011084,,067901108,ABX,Common Stock,ODSH,,Barrick Gold Corp,,CAD,CA,CA,,,,,TOR,0,1748049000,1748049000,0,1748049000,1748049000,1748048766,1748048766,1755000000,1748049000,1735366000,0,1748049000,1748049000,1748049000,1748049000,1.0,,,,,,,,,,,,,,,,,,,,,,,,,,,,,,,,,,,,,,,,100055,Barrick Gold Corp,,,,,,,,,,,,,,,
CA13321L1085 CA,,CA13321L1085,,13321L108,CCO,Common Stock,ODSH,,Cameco Corp,,CAD,CA,CA,,,,,TOR,0,435184600,435184600,0,435184600,435184600,435184572,435184572,435355000,435185000,434124800,0,435185000,435185000,435185000,435185000,1.0,,,,,,,,,,,,,,,,,,,,,,,,,,,,,,,,,,,,,,,,108613,Cameco Corp,,,,,,,,,,,,,,,
CA14071L1085 CA,,CA14071L1085,,14071L108,CS,Common Stock,ODSH,,Capstone Copper Corp,,CAD,CA,CA,,,,,TOR,0,761872900,761872900,0,761872900,761872900,761872863,761872863,693521000,761873000,641572600,0,761873000,761873000,761873000,761873000,1.0,,,,,,,,,,,,,,,,,,,,,,,,,,,,,,,,,,,,,,,,69850653,Capstone Copper Corp,,,,,,,,,,,,,,,
CA3518581051 CA,,CA3518581051,,351858105,FNV,Common Stock,ODSH,,Franco-Nevada Corp,,CAD,CA,CA,,,,,TOR,0,192492800,192492800,0,192492800,192492800,192492761,192492761,192300000,192493000,190958900,0,192493000,192493000,192493000,192493000,1.0,,,,,,,,,,,,,,,,,,,,,,,,,,,,,,,,,,,,,,,,13418315,Franco-Nevada Corp,,,,,,,,,,,,,,,
CA5503721063 CA,,CA5503721063,,550372106,LUN,Common Stock,ODSH,,Lundin Mining Corp,,CAD,CA,CA,,,,,TOR,0,776877000,776877000,0,776877000,776877000,776876973,776876973,773293000,776877000,651508400,0,776877000,776877000,776877000,776877000,1.0,,,,,,,,,,,,,,,,,,,,,,,,,,,,,,,,,,,,,,,,159117,Lundin Mining Corp,,,,,,,,,,,,,,,
CA65340P1062 CA,,CA65340P1062,,65340P106,NXE,Common Stock,ODSH,,NexGen Energy Ltd,,CAD,CA,CA,,,,,TOR,0,564995600,564995600,0,564995600,564995600,564995597,564995597,529215000,564996000,520080700,0,564996000,564996000,564996000,564996000,1.0,,,,,,,,,,,,,,,,,,,,,,,,,,,,,,,,,,,,,,,,31552720,NexGen Energy Ltd,,,,,,,,,,,,,,,
CA8787422044 CA,,CA8787422044,,878742204,TECK/B,Common Stock,ODSH,,Teck Resources Ltd,,CAD,CA,CA,,,,,TOR,0,513732099,513732099,0,513732099,513732099,1266085697,1266085697,525299999,506132000,499717200,0,506132000,506132000,506132000,506132000,1.0,,,,,,,,,,,,,,,,,,,,,,,,,,,,,,,,,,,,,,,,110686,Teck Resources Ltd,,,,,,,,,,,,,,,
CNE1000002R0 CN,,,,,,,,,,,,,,,,,,,0,0,0,0,0,0,0,0,0,0,0,0,0,0,0,0,,,,,,,,,,,,,,,,,,,,,,,,,,,,,,,,,,,,,,,,,,,,,,,,,,,,,,,,,
CNE1000004Q8 CN,,,,,,,,,,,,,,,,,,,0,0,0,0,0,0,0,0,0,0,0,0,0,0,0,0,,,,,,,,,,,,,,,,,,,,,,,,,,,,,,,,,,,,,,,,,,,,,,,,,,,,,,,,,
CNE100000502 CN,,,,,,,,,,,,,,,,,,,0,0,0,0,0,0,0,0,0,0,0,0,0,0,0,0,,,,,,,,,,,,,,,,,,,,,,,,,,,,,,,,,,,,,,,,,,,,,,,,,,,,,,,,,
CNE1000031W9 CN,,,,,,,,,,,,,,,,,,,0,0,0,0,0,0,0,0,0,0,0,0,0,0,0,0,,,,,,,,,,,,,,,,,,,,,,,,,,,,,,,,,,,,,,,,,,,,,,,,,,,,,,,,,
DE0006047004 DE,,,,,,,,,,,,,,,,,,,0,0,0,0,0,0,0,0,0,0,0,0,0,0,0,0,,,,,,,,,,,,,,,,,,,,,,,,,,,,,,,,,,,,,,,,,,,,,,,,,,,,,,,,,
DE000BASF111 DE,,,,,,,,,,,,,,,,,,,0,0,0,0,0,0,0,0,0,0,0,0,0,0,0,0,,,,,,,,,,,,,,,,,,,,,,,,,,,,,,,,,,,,,,,,,,,,,,,,,,,,,,,,,
FR0000120271 FR,,,,,,,,,,,,,,,,,,,0,0,0,0,0,0,0,0,0,0,0,0,0,0,0,0,,,,,,,,,,,,,,,,,,,,,,,,,,,,,,,,,,,,,,,,,,,,,,,,,,,,,,,,,
GB0000456144 GB,,GB0000456144,,,FG1,Common Stock,ODSH,,Antofagasta PLC,,EUR,DE,GB,,,,,DBA,0,985856700,985856700,0,985856700,985856700,985856695,985856695,0,985857000,345867600,0,985857000,985857000,985857000,985857000,1.0,,,,,,,,,,,,,,,,,,,,,,,,,,,,,,,,,,,,,,,,111100,Antofagasta PLC,,,,,,,,,,,,,,,
GB0007980591 GB,,GB0007980591,,,BPE5,Common Stock,ODSH,,BP PLC,,EUR,DE,GB,,,,,GER,0,16019570000,16019570000,0,16019570000,16019570000,16019568318,16019568318,0,16019570000,16026440000,0,16019570000,16019570000,16019570000,16019570000,1.0,,,,,,,,,,,,,,,,,,,,,,,,,,,,,,,,,,,,,,,,100228,BP PLC,,,,,,,,,,,,,,,
GB00B1XZS820 GB,,GB00B1XZS820,,,NGLB,Common Stock,ODSH,,Anglo American PLC,,EUR,DE,GB,,,,,GER,0,1225278000,1225278000,0,1225278000,1225278000,1225277784,1225277784,0,1225278000,1218711000,0,1225278000,1225278000,1225278000,1225278000,1.0,,,,,,,,,,,,,,,,,,,,,,,,,,,,,,,,,,,,,,,,833983,Anglo American PLC,,,,,,,,,,,,,,,
IE0001827041 IE,,,,,,,,,,,,,,,,,,,0,0,0,0,0,0,0,0,0,0,0,0,0,0,0,0,,,,,,,,,,,,,,,,,,,,,,,,,,,,,,,,,,,,,,,,,,,,,,,,,,,,,,,,,
JE00B4T3BW64 CH,,,,,,,,,,,,,,,,,,,0,0,0,0,0,0,0,0,0,0,0,0,0,0,0,0,,,,,,,,,,,,,,,,,,,,,,,,,,,,,,,,,,,,,,,,,,,,,,,,,,,,,,,,,
KYG211501005 CN,,,,,,,,,,,,,,,,,,,0,0,0,0,0,0,0,0,0,0,0,0,0,0,0,0,,,,,,,,,,,,,,,,,,,,,,,,,,,,,,,,,,,,,,,,,,,,,,,,,,,,,,,,,
KYG3774X1088 HK,,KYG3774X1088,,,3800,Common Stock,ODSH,,GCL Technology Holdings Ltd,,HKD,HK,KY,,,,,HKG,0,26920820000,26920820000,0,26920820000,26920820000,26920818973,26920818973,26542451000,26920820000,20076660000,0,26920820000,26920820000,26920820000,26920820000,1.0,,,,,,,,,,,,,,,,,,,,,,,,,,,,,,,,,,,,,,,,13418917,GCL Technology Holdings Ltd,,,,,,,,,,,,,,,
KYG9829N1025 CN,,,,,,,,,,,,,,,,,,,0,0,0,0,0,0,0,0,0,0,0,0,0,0,0,0,,,,,,,,,,,,,,,,,,,,,,,,,,,,,,,,,,,,,,,,,,,,,,,,,,,,,,,,,
LU1598757687 LU,,LU1598757687,,,ARRD,Common Stock,ODSH,,ArcelorMittal SA,,EUR,DE,LU,,,,,GER,0,852809800,852809800,0,852809800,852809800,852809772,852809772,0,852810000,452902700,0,852810000,852810000,852810000,852810000,1.0,,,,,,,,,,,,,,,,,,,,,,,,,,,,,,,,,,,,,,,,225547,ArcelorMittal SA,,,,,,,,,,,,,,,
NL0009434992 GB,,NL0009434992,,,DLY,Common Stock,ODSH,,LyondellBasell Industries NV,,EUR,DE,NL,,,,,STU,0,324756800,324756800,0,324756800,324756800,324756819,324756819,0,324757000,258604800,0,324757000,324757000,324757000,324757000,1.0,,,,,,,,,,,,,,,,,,,,,,,,,,,,,,,,,,,,,,,,9932803,LyondellBasell Industries NV,,,,,,,,,,,,,,,
NL0013267909 NL,,,,,,,,,,,,,,,,,,,0,0,0,0,0,0,0,0,0,0,0,0,0,0,0,0,,,,,,,,,,,,,,,,,,,,,,,,,,,,,,,,,,,,,,,,,,,,,,,,,,,,,,,,,
NO0005052605 NO,,NO0005052605,,,NHY,Common Stock,ODSH,,Norsk Hydro ASA,,NOK,NO,NO,,,,,OSL,0,2009016000,2038176000,29160000,2038176000,2009016000,2009015998,2009015998,2029081000,2009016000,1296094000,29160000,2038176000,2009016000,2038176000,2009016000,1.0,,,,,,,,,,,,,,,,,,,,,,,,,,,,,,,,,,,,,,,,101079,Norsk Hydro ASA,,,,,,,,,,,,,,,
NO0010096985 NO,,NO0010096985,,,EQNR,Common Stock,ODSH,,Equinor ASA,,NOK,NO,NO,,,,,OSL,0,2792781000,2851151000,58370000,2851151000,2792781000,2792781230,2792781230,3027000000,2792781000,754823200,58370000,2851151000,2792781000,2851151000,2792781000,1.0,,,,,,,,,,,,,,,,,,,,,,,,,,,,,,,,,,,,,,,,182074,Equinor ASA,,,,,,,,,,,,,,,
NO0010345853 NO,,NO0010345853,,,AKRBP,Common Stock,ODSH,,Aker BP ASA,,NOK,NO,NO,,,,,OSL,0,632022200,632022200,0,632022200,632022200,632022210,632022210,631311000,632022000,405567900,0,632022000,632022000,632022000,632022000,1.0,,,,,,,,,,,,,,,,,,,,,,,,,,,,,,,,,,,,,,,,11379990,Aker BP ASA,,,,,,,,,,,,,,,
NO0011202772 NO,,NO0011202772,,,VAR,Common Stock,ODSH,,Var Energi ASA,,NOK,NO,NO,,,,,OSL,0,2496406000,2496406000,0,2496406000,2496406000,2496406246,2496406246,2496406000,2496406000,868761300,0,2496406000,2496406000,2496406000,2496406000,1.0,,,,,,,,,,,,,,,,,,,,,,,,,,,,,,,,,,,,,,,,62705068,Var Energi ASA,,,,,,,,,,,,,,,
SE0000171100 SE,,SE0000171100,,,SSABA,Common Stock,ODSH,,SSAB AB,,CHF,CH,SE,,,,,BRN,0,996617700,996617700,0,996617700,996617700,366031463,366031463,0,295966000,204894700,0,295966000,295966000,295966000,295966000,1.0,,,,,,,,,,,,,,,,,,,,,,,,,,,,,,,,,,,,,,,,118008,SSAB AB,,,,,,,,,,,,,,,
SE0020050417 SE,,,,,,,,,,,,,,,,,,,0,0,0,0,0,0,0,0,0,0,0,0,0,0,0,0,,,,,,,,,,,,,,,,,,,,,,,,,,,,,,,,,,,,,,,,,,,,,,,,,,,,,,,,,
US0126531013 US,,US0126531013,,012653101,ALB,Common Stock,ODSH,,Albemarle Corp,,USD,US,US,,,,,NYS,0,117540300,117540300,0,117540300,117540300,117540339,117540339,117766000,117540000,117062400,0,117540000,117540000,117540000,117540000,1.0,,,,,,,,,,,,,,,,,,,,,,,,,,,,,,,,,,,,,,,,132242,Albemarle Corp,,,,,,,,,,,,,,,
US0138721065 US,,US0138721065,,013872106,AA,Common Stock,ODSH,,Alcoa Corp,,USD,US,US,,,,,NYS,0,258354800,258354800,0,258354800,258354800,258354828,258354828,178311000,258355000,256239899,0,258355000,258355000,258355000,258355000,1.0,,,,,,,,,,,,,,,,,,,,,,,,,,,,,,,,,,,,,,,,47375937,Alcoa Corp,,,,,,,,,,,,,,,
US0886061086 AU,,,,,,,,,,,,,,,,,,,0,0,0,0,0,0,0,0,0,0,0,0,0,0,0,0,,,,,,,,,,,,,,,,,,,,,,,,,,,,,,,,,,,,,,,,,,,,,,,,,,,,,,,,,
US1858991011 US,,US1858991011,,185899101,CLF,Common Stock,ODSH,,Cleveland-Cliffs Inc,,USD,US,US,,,,,NYS,0,493943500,520103500,26160000,520103499,493943500,493943553,493943553,511000000,493944000,483934200,26160000,520104000,493944000,520104000,493944000,1.0,,,,,,,,,,,,,,,,,,,,,,,,,,,,,,,,,,,,,,,,100344,Cleveland-Cliffs Inc,,,,,,,,,,,,,,,
US2017231034 US,,US2017231034,,201723103,CMC,Common Stock,ODSH,,Commercial Metals Co,,USD,US,US,,,,,NYS,0,114024200,128984200,14960000,128984199,114024200,114024182,114024182,117153000,114024000,112790700,14960000,128984000,114024000,128984000,114024000,1.0,,,,,,,,,,,,,,,,,,,,,,,,,,,,,,,,,,,,,,,,100365,Commercial Metals Co,,,,,,,,,,,,,,,
US20825C1045 US,,US20825C1045,,20825C104,COP,Common Stock,ODSH,,ConocoPhillips,,USD,US,US,,,,,NYS,0,1293562100,2220922100,927360000,2220922100,1293562100,1293562108,1293562108,1205675000,1293562000,1292384000,927360000,2220922000,1293562000,2220922000,1293562000,1.0,,,,,,,,,,,,,,,,,,,,,,,,,,,,,,,,,,,,,,,,101174,ConocoPhillips,,,,,,,,,,,,,,,
US25278X1090 US,,US25278X1090,,25278X109,FANG,Common Stock,ODSH,,Diamondback Energy Inc,,USD,US,US,,,,,NSM,0,291989200,291989200,0,291989200,291989200,291989194,291989194,179999000,291989000,188338500,0,291989000,291989000,291989000,291989000,1.0,,,,,,,,,,,,,,,,,,,,,,,,,,,,,,,,,,,,,,,,29182972,Diamondback Energy Inc,,,,,,,,,,,,,,,
US2605571031 US,,US2605571031,,260557103,DOW,Common Stock,ODSH,,Dow Inc,,USD,US,US,,,,,NYS,0,700091700,776391700,76300000,776391699,700091700,700091690,700091690,709000000,700092000,698021100,76300000,776392000,700092000,776391999,700092000,1.0,,,,,,,,,,,,,,,,,,,,,,,,,,,,,,,,,,,,,,,,48365107,Dow Inc,,,,,,,,,,,,,,,
US26875P1012 US,,US26875P1012,,26875P101,EOG,Common Stock,ODSH,,EOG Resources Inc,,USD,US,US,,,,,NYS,0,562450400,570340400,7890000,570340399,562450400,562450411,562450411,584000000,562450000,560269000,7890000,570340000,562450000,570340000,562450000,1.0,,,,,,,,,,,,,,,,,,,,,,,,,,,,,,,,,,,,,,,,100529,EOG Resources Inc,,,,,,,,,,,,,,,
US26884L1098 US,,US26884L1098,,26884L109,EQT,Common Stock,ODSH,,EQT Corp,,USD,US,US,,,,,NYS,0,596684000,596684000,0,596684000,596684000,596684000,596684000,413224000,596684000,592176100,0,596684000,596684000,596684000,596684000,1.0,,,,,,,,,,,,,,,,,,,,,,,,,,,,,,,,,,,,,,,,100539,EQT Corp,,,,,,,,,,,,,,,
US35671D8570 US,,US35671D8570,,35671D857,FCX,Common Stock,ODSH,,Freeport-McMoRan Inc,,USD,US,US,,,,,NYS,0,1436927700,1620927700,184000000,1620927700,1436927700,1436927710,1436927710,1443000000,1436928000,1428424000,184000000,1620928000,1436928000,1620928000,1436928000,1.0,,,,,,,,,,,,,,,,,,,,,,,,,,,,,,,,,,,,,,,,100614,Freeport-McMoRan Inc,,,,,,,,,,,,,,,
US5732841060 US,,US5732841060,,573284106,MLM,Common Stock,ODSH,,Martin Marietta Materials Inc,,USD,US,US,,,,,NYS,0,61118100,61118100,0,61118100,61118100,61118057,61118057,62100000,61118000,60680200,0,61118000,61118000,61118000,61118000,1.0,,,,,,,,,,,,,,,,,,,,,,,,,,,,,,,,,,,,,,,,136161,Martin Marietta Materials Inc,,,,,,,,,,,,,,,
US6806652052 US,,US6806652052,,680665205,OLN,Common Stock,ODSH,,Olin Corp,,USD,US,US,,,,,NYS,0,116596500,116596500,0,116596500,116596500,116596499,116596499,128800000,116596000,116038700,0,116596000,116596000,116596000,116596000,1.0,,,,,,,,,,,,,,,,,,,,,,,,,,,,,,,,,,,,,,,,101117,Olin Corp,,,,,,,,,,,,,,,
US7045511000 US,,US7045511000,,704551100,BTU,Common Stock,ODSH,,Peabody Energy Corp,,USD,US,US,,,,,NYS,0,121500000,181400000,59900000,181400000,121500000,121500000,121500000,154300000,121500000,114750400,59900000,181400000,121500000,181400000,121500000,1.0,,,,,,,,,,,,,,,,,,,,,,,,,,,,,,,,,,,,,,,,342996,Peabody Energy Corp,,,,,,,,,,,,,,,
US8581191009 US,,US8581191009,,858119100,STLD,Common Stock,ODSH,,Steel Dynamics Inc,,USD,US,US,,,,,NSM,0,152245000,260335000,108090000,260335000,152245000,152244995,152244995,167431000,152245000,141566400,108090000,260335000,152245000,260335000,152245000,1.0,,,,,,,,,,,,,,,,,,,,,,,,,,,,,,,,,,,,,,,,194694,Steel Dynamics Inc,,,,,,,,,,,,,,,
US9129091081 US,,US9129091081,,912909108,X,Common Stock,ODSH,,United States Steel Corp,,USD,US,US,,,,,NYS,0,225170900,287460900,62290000,287460900,225170900,225170942,225170942,255360000,225171000,197358300,62290000,287461000,225171000,287461000,225171000,1.0,,,,,,,,,,,,,,,,,,,,,,,,,,,,,,,,,,,,,,,,101582,United States Steel Corp,,,,,,,,,,,,,,,
US91912E1055 BR,,,,,,,,,,,,,,,,,,,0,0,0,0,0,0,0,0,0,0,0,0,0,0,0,0,,,,,,,,,,,,,,,,,,,,,,,,,,,,,,,,,,,,,,,,,,,,,,,,,,,,,,,,,
US9291601097 US,,US9291601097,,929160109,VMC,Common Stock,ODSH,,Vulcan Materials Co,,USD,US,US,,,,,NYS,0,132061299,132061299,0,132061299,132061299,132061259,132061259,133699999,132061000,130741000,0,132061000,132061000,132061000,132061000,1.0,,,,,,,,,,,,,,,,,,,,,,,,,,,,,,,,,,,,,,,,101609,Vulcan Materials Co,,,,,,,,,,,,,,,
US9604131022 US,,US9604131022,,960413102,WLK,Common Stock,ODSH,,Westlake Corp,,USD,US,US,,,,,NYS,0,128705800,135145800,6440000,135145800,128705800,128705799,128705799,128598000,128705999,35699500,6440000,135146000,128705999,135146000,128705999,1.0,,,,,,,,,,,,,,,,,,,,,,,,,,,,,,,,,,,,,,,,7785692,Westlake Corp,,,,,,,,,,,,,,,
